{
  "id": "1477337",
  "name": "延安项目",
  "font_family": "iconfont",
  "css_prefix_text": "icon-",
  "description": "",
  "glyphs": [
    {
      "icon_id": "446731",
      "name": "首页",
      "font_class": "shouye",
      "unicode": "e62e",
      "unicode_decimal": 58926
    },
    {
      "icon_id": "626004",
      "name": "对",
      "font_class": "icon",
      "unicode": "e62f",
      "unicode_decimal": 58927
    },
    {
      "icon_id": "2406058",
      "name": "更多",
      "font_class": "gengduo",
      "unicode": "e617",
      "unicode_decimal": 58903
    },
    {
      "icon_id": "2459201",
      "name": "用户",
      "font_class": "user",
      "unicode": "e60a",
      "unicode_decimal": 58890
    },
    {
      "icon_id": "4056986",
      "name": "对勾",
      "font_class": "duigou",
      "unicode": "e63b",
      "unicode_decimal": 58939
    },
    {
      "icon_id": "4685711",
      "name": "错误",
      "font_class": "Group-",
      "unicode": "e68c",
      "unicode_decimal": 59020
    },
    {
      "icon_id": "5330692",
      "name": "用户",
      "font_class": "yonghu",
      "unicode": "e7bd",
      "unicode_decimal": 59325
    }
  ]
}
